Year,Area,Party,Electoral votes
2014,Alabama,Democrat,0
2015,Alabama,Democrat,0
2016,Alabama,Democrat,0
2014,Alabama,Other,0
2015,Alabama,Other,0
2016,Alabama,Other,0
2014,Alabama,Republican,9
2015,Alabama,Republican,9
2016,Alabama,Republican,9
2014,Alaska,Democrat,0
2015,Alaska,Democrat,0
2016,Alaska,Democrat,0
2014,Alaska,Other,0
2015,Alaska,Other,0
2016,Alaska,Other,0
2014,Alaska,Republican,3
2015,Alaska,Republican,3
2016,Alaska,Republican,3
2014,Arizona,Democrat,0
2015,Arizona,Democrat,0
2016,Arizona,Democrat,0
2014,Arizona,Other,0
2015,Arizona,Other,0
2016,Arizona,Other,0
2014,Arizona,Republican,11
2015,Arizona,Republican,11
2016,Arizona,Republican,11
2014,Arkansas,Democrat,0
2015,Arkansas,Democrat,0
2016,Arkansas,Democrat,0
2014,Arkansas,Other,0
2015,Arkansas,Other,0
2016,Arkansas,Other,0
2014,Arkansas,Republican,6
2015,Arkansas,Republican,6
2016,Arkansas,Republican,6
2014,California,Democrat,55
2015,California,Democrat,55
2016,California,Democrat,55
2014,California,Other,0
2015,California,Other,0
2016,California,Other,0
2014,California,Republican,0
2015,California,Republican,0
2016,California,Republican,0
2014,Colorado,Democrat,9
2015,Colorado,Democrat,9
2016,Colorado,Democrat,9
2014,Colorado,Other,0
2015,Colorado,Other,0
2016,Colorado,Other,0
2014,Colorado,Republican,0
2015,Colorado,Republican,0
2016,Colorado,Republican,0
2014,Connecticut,Democrat,7
2015,Connecticut,Democrat,7
2016,Connecticut,Democrat,7
2014,Connecticut,Other,0
2015,Connecticut,Other,0
2016,Connecticut,Other,0
2014,Connecticut,Republican,0
2015,Connecticut,Republican,0
2016,Connecticut,Republican,0
2014,Delaware,Democrat,3
2015,Delaware,Democrat,3
2016,Delaware,Democrat,3
2014,Delaware,Other,0
2015,Delaware,Other,0
2016,Delaware,Other,0
2014,Delaware,Republican,0
2015,Delaware,Republican,0
2016,Delaware,Republican,0
2014,District of Columbia,Democrat,3
2015,District of Columbia,Democrat,3
2016,District of Columbia,Democrat,3
2014,District of Columbia,Other,0
2015,District of Columbia,Other,0
2016,District of Columbia,Other,0
2014,District of Columbia,Republican,0
2015,District of Columbia,Republican,0
2016,District of Columbia,Republican,0
2014,Florida,Democrat,29
2015,Florida,Democrat,29
2016,Florida,Democrat,29
2014,Florida,Other,0
2015,Florida,Other,0
2016,Florida,Other,0
2014,Florida,Republican,0
2015,Florida,Republican,0
2016,Florida,Republican,0
2014,Georgia,Democrat,0
2015,Georgia,Democrat,0
2016,Georgia,Democrat,0
2014,Georgia,Other,0
2015,Georgia,Other,0
2016,Georgia,Other,0
2014,Georgia,Republican,16
2015,Georgia,Republican,16
2016,Georgia,Republican,16
2014,Hawaii,Democrat,4
2015,Hawaii,Democrat,4
2016,Hawaii,Democrat,4
2014,Hawaii,Other,0
2015,Hawaii,Other,0
2016,Hawaii,Other,0
2014,Hawaii,Republican,0
2015,Hawaii,Republican,0
2016,Hawaii,Republican,0
2014,Idaho,Democrat,0
2015,Idaho,Democrat,0
2016,Idaho,Democrat,0
2014,Idaho,Other,0
2015,Idaho,Other,0
2016,Idaho,Other,0
2014,Idaho,Republican,4
2015,Idaho,Republican,4
2016,Idaho,Republican,4
2014,Illinois,Democrat,20
2015,Illinois,Democrat,20
2016,Illinois,Democrat,20
2014,Illinois,Other,0
2015,Illinois,Other,0
2016,Illinois,Other,0
2014,Illinois,Republican,0
2015,Illinois,Republican,0
2016,Illinois,Republican,0
2014,Indiana,Democrat,0
2015,Indiana,Democrat,0
2016,Indiana,Democrat,0
2014,Indiana,Other,0
2015,Indiana,Other,0
2016,Indiana,Other,0
2014,Indiana,Republican,11
2015,Indiana,Republican,11
2016,Indiana,Republican,11
2014,Iowa,Democrat,6
2015,Iowa,Democrat,6
2016,Iowa,Democrat,6
2014,Iowa,Other,0
2015,Iowa,Other,0
2016,Iowa,Other,0
2014,Iowa,Republican,0
2015,Iowa,Republican,0
2016,Iowa,Republican,0
2014,Kansas,Democrat,0
2015,Kansas,Democrat,0
2016,Kansas,Democrat,0
2014,Kansas,Other,0
2015,Kansas,Other,0
2016,Kansas,Other,0
2014,Kansas,Republican,6
2015,Kansas,Republican,6
2016,Kansas,Republican,6
2014,Kentucky,Democrat,0
2015,Kentucky,Democrat,0
2016,Kentucky,Democrat,0
2014,Kentucky,Other,0
2015,Kentucky,Other,0
2016,Kentucky,Other,0
2014,Kentucky,Republican,8
2015,Kentucky,Republican,8
2016,Kentucky,Republican,8
2014,Louisiana,Democrat,0
2015,Louisiana,Democrat,0
2016,Louisiana,Democrat,0
2014,Louisiana,Other,0
2015,Louisiana,Other,0
2016,Louisiana,Other,0
2014,Louisiana,Republican,8
2015,Louisiana,Republican,8
2016,Louisiana,Republican,8
2014,Maine,Democrat,4
2015,Maine,Democrat,4
2016,Maine,Democrat,4
2014,Maine,Other,0
2015,Maine,Other,0
2016,Maine,Other,0
2014,Maine,Republican,0
2015,Maine,Republican,0
2016,Maine,Republican,0
2014,Maryland,Democrat,10
2015,Maryland,Democrat,10
2016,Maryland,Democrat,10
2014,Maryland,Other,0
2015,Maryland,Other,0
2016,Maryland,Other,0
2014,Maryland,Republican,0
2015,Maryland,Republican,0
2016,Maryland,Republican,0
2014,Massachusetts,Democrat,11
2015,Massachusetts,Democrat,11
2016,Massachusetts,Democrat,11
2014,Massachusetts,Other,0
2015,Massachusetts,Other,0
2016,Massachusetts,Other,0
2014,Massachusetts,Republican,0
2015,Massachusetts,Republican,0
2016,Massachusetts,Republican,0
2014,Michigan,Democrat,16
2015,Michigan,Democrat,16
2016,Michigan,Democrat,16
2014,Michigan,Other,0
2015,Michigan,Other,0
2016,Michigan,Other,0
2014,Michigan,Republican,0
2015,Michigan,Republican,0
2016,Michigan,Republican,0
2014,Minnesota,Democrat,10
2015,Minnesota,Democrat,10
2016,Minnesota,Democrat,10
2014,Minnesota,Other,0
2015,Minnesota,Other,0
2016,Minnesota,Other,0
2014,Minnesota,Republican,0
2015,Minnesota,Republican,0
2016,Minnesota,Republican,0
2014,Mississippi,Democrat,0
2015,Mississippi,Democrat,0
2016,Mississippi,Democrat,0
2014,Mississippi,Other,0
2015,Mississippi,Other,0
2016,Mississippi,Other,0
2014,Mississippi,Republican,6
2015,Mississippi,Republican,6
2016,Mississippi,Republican,6
2014,Missouri,Democrat,0
2015,Missouri,Democrat,0
2016,Missouri,Democrat,0
2014,Missouri,Other,0
2015,Missouri,Other,0
2016,Missouri,Other,0
2014,Missouri,Republican,10
2015,Missouri,Republican,10
2016,Missouri,Republican,10
2014,Montana,Democrat,0
2015,Montana,Democrat,0
2016,Montana,Democrat,0
2014,Montana,Other,0
2015,Montana,Other,0
2016,Montana,Other,0
2014,Montana,Republican,3
2015,Montana,Republican,3
2016,Montana,Republican,3
2014,Nebraska,Democrat,0
2015,Nebraska,Democrat,0
2016,Nebraska,Democrat,0
2014,Nebraska,Other,0
2015,Nebraska,Other,0
2016,Nebraska,Other,0
2014,Nebraska,Republican,5
2015,Nebraska,Republican,5
2016,Nebraska,Republican,5
2014,Nevada,Democrat,6
2015,Nevada,Democrat,6
2016,Nevada,Democrat,6
2014,Nevada,Other,0
2015,Nevada,Other,0
2016,Nevada,Other,0
2014,Nevada,Republican,0
2015,Nevada,Republican,0
2016,Nevada,Republican,0
2014,New Hampshire,Democrat,4
2015,New Hampshire,Democrat,4
2016,New Hampshire,Democrat,4
2014,New Hampshire,Other,0
2015,New Hampshire,Other,0
2016,New Hampshire,Other,0
2014,New Hampshire,Republican,0
2015,New Hampshire,Republican,0
2016,New Hampshire,Republican,0
2014,New Jersey,Democrat,14
2015,New Jersey,Democrat,14
2016,New Jersey,Democrat,14
2014,New Jersey,Other,0
2015,New Jersey,Other,0
2016,New Jersey,Other,0
2014,New Jersey,Republican,0
2015,New Jersey,Republican,0
2016,New Jersey,Republican,0
2014,New Mexico,Democrat,5
2015,New Mexico,Democrat,5
2016,New Mexico,Democrat,5
2014,New Mexico,Other,0
2015,New Mexico,Other,0
2016,New Mexico,Other,0
2014,New Mexico,Republican,0
2015,New Mexico,Republican,0
2016,New Mexico,Republican,0
2014,New York,Democrat,29
2015,New York,Democrat,29
2016,New York,Democrat,29
2014,New York,Other,0
2015,New York,Other,0
2016,New York,Other,0
2014,New York,Republican,0
2015,New York,Republican,0
2016,New York,Republican,0
2014,North Carolina,Democrat,0
2015,North Carolina,Democrat,0
2016,North Carolina,Democrat,0
2014,North Carolina,Other,0
2015,North Carolina,Other,0
2016,North Carolina,Other,0
2014,North Carolina,Republican,15
2015,North Carolina,Republican,15
2016,North Carolina,Republican,15
2014,North Dakota,Democrat,0
2015,North Dakota,Democrat,0
2016,North Dakota,Democrat,0
2014,North Dakota,Other,0
2015,North Dakota,Other,0
2016,North Dakota,Other,0
2014,North Dakota,Republican,3
2015,North Dakota,Republican,3
2016,North Dakota,Republican,3
2014,Ohio,Democrat,18
2015,Ohio,Democrat,18
2016,Ohio,Democrat,18
2014,Ohio,Other,0
2015,Ohio,Other,0
2016,Ohio,Other,0
2014,Ohio,Republican,0
2015,Ohio,Republican,0
2016,Ohio,Republican,0
2014,Oklahoma,Democrat,0
2015,Oklahoma,Democrat,0
2016,Oklahoma,Democrat,0
2014,Oklahoma,Republican,7
2015,Oklahoma,Republican,7
2016,Oklahoma,Republican,7
2014,Oregon,Democrat,7
2015,Oregon,Democrat,7
2016,Oregon,Democrat,7
2014,Oregon,Other,0
2015,Oregon,Other,0
2016,Oregon,Other,0
2014,Oregon,Republican,0
2015,Oregon,Republican,0
2016,Oregon,Republican,0
2014,Pennsylvania,Democrat,20
2015,Pennsylvania,Democrat,20
2016,Pennsylvania,Democrat,20
2014,Pennsylvania,Other,0
2015,Pennsylvania,Other,0
2016,Pennsylvania,Other,0
2014,Pennsylvania,Republican,0
2015,Pennsylvania,Republican,0
2016,Pennsylvania,Republican,0
2014,Rhode Island,Democrat,4
2015,Rhode Island,Democrat,4
2016,Rhode Island,Democrat,4
2014,Rhode Island,Other,0
2015,Rhode Island,Other,0
2016,Rhode Island,Other,0
2014,Rhode Island,Republican,0
2015,Rhode Island,Republican,0
2016,Rhode Island,Republican,0
2014,South Carolina,Democrat,0
2015,South Carolina,Democrat,0
2016,South Carolina,Democrat,0
2014,South Carolina,Other,0
2015,South Carolina,Other,0
2016,South Carolina,Other,0
2014,South Carolina,Republican,9
2015,South Carolina,Republican,9
2016,South Carolina,Republican,9
2014,South Dakota,Democrat,0
2015,South Dakota,Democrat,0
2016,South Dakota,Democrat,0
2014,South Dakota,Other,0
2015,South Dakota,Other,0
2016,South Dakota,Other,0
2014,South Dakota,Republican,3
2015,South Dakota,Republican,3
2016,South Dakota,Republican,3
2014,Tennessee,Democrat,0
2015,Tennessee,Democrat,0
2016,Tennessee,Democrat,0
2014,Tennessee,Other,0
2015,Tennessee,Other,0
2016,Tennessee,Other,0
2014,Tennessee,Republican,11
2015,Tennessee,Republican,11
2016,Tennessee,Republican,11
2014,Texas,Democrat,0
2015,Texas,Democrat,0
2016,Texas,Democrat,0
2014,Texas,Other,0
2015,Texas,Other,0
2016,Texas,Other,0
2014,Texas,Republican,38
2015,Texas,Republican,38
2016,Texas,Republican,38
2014,Utah,Democrat,0
2015,Utah,Democrat,0
2016,Utah,Democrat,0
2014,Utah,Other,0
2015,Utah,Other,0
2016,Utah,Other,0
2014,Utah,Republican,6
2015,Utah,Republican,6
2016,Utah,Republican,6
2014,Vermont,Democrat,3
2015,Vermont,Democrat,3
2016,Vermont,Democrat,3
2014,Vermont,Other,0
2015,Vermont,Other,0
2016,Vermont,Other,0
2014,Vermont,Republican,0
2015,Vermont,Republican,0
2016,Vermont,Republican,0
2014,Virginia,Democrat,13
2015,Virginia,Democrat,13
2016,Virginia,Democrat,13
2014,Virginia,Other,0
2015,Virginia,Other,0
2016,Virginia,Other,0
2014,Virginia,Republican,0
2015,Virginia,Republican,0
2016,Virginia,Republican,0
2014,Washington,Democrat,12
2015,Washington,Democrat,12
2016,Washington,Democrat,12
2014,Washington,Other,0
2015,Washington,Other,0
2016,Washington,Other,0
2014,Washington,Republican,0
2015,Washington,Republican,0
2016,Washington,Republican,0
2014,West Virginia,Democrat,0
2015,West Virginia,Democrat,0
2016,West Virginia,Democrat,0
2014,West Virginia,Other,0
2015,West Virginia,Other,0
2016,West Virginia,Other,0
2014,West Virginia,Republican,5
2015,West Virginia,Republican,5
2016,West Virginia,Republican,5
2014,Wisconsin,Democrat,10
2015,Wisconsin,Democrat,10
2016,Wisconsin,Democrat,10
2014,Wisconsin,Other,0
2015,Wisconsin,Other,0
2016,Wisconsin,Other,0
2014,Wisconsin,Republican,0
2015,Wisconsin,Republican,0
2016,Wisconsin,Republican,0
2014,Wyoming,Democrat,0
2015,Wyoming,Democrat,0
2016,Wyoming,Democrat,0
2014,Wyoming,Other,0
2015,Wyoming,Other,0
2016,Wyoming,Other,0
2014,Wyoming,Republican,3
2015,Wyoming,Republican,3
2016,Wyoming,Republican,3
2017,Alabama,Democrat,0
2018,Alabama,Democrat,0
2019,Alabama,Democrat,0
2020,Alabama,Democrat,0
2017,Alabama,Other,0
2018,Alabama,Other,0
2019,Alabama,Other,0
2020,Alabama,Other,0
2017,Alabama,Republican,9
2018,Alabama,Republican,9
2019,Alabama,Republican,9
2020,Alabama,Republican,9
2017,Alaska,Democrat,0
2018,Alaska,Democrat,0
2019,Alaska,Democrat,0
2020,Alaska,Democrat,0
2017,Alaska,Other,0
2018,Alaska,Other,0
2019,Alaska,Other,0
2020,Alaska,Other,0
2017,Alaska,Republican,3
2018,Alaska,Republican,3
2019,Alaska,Republican,3
2020,Alaska,Republican,3
2017,Arizona,Democrat,0
2018,Arizona,Democrat,0
2019,Arizona,Democrat,0
2020,Arizona,Democrat,0
2017,Arizona,Other,0
2018,Arizona,Other,0
2019,Arizona,Other,0
2020,Arizona,Other,0
2017,Arizona,Republican,11
2018,Arizona,Republican,11
2019,Arizona,Republican,11
2020,Arizona,Republican,11
2017,Arkansas,Democrat,0
2018,Arkansas,Democrat,0
2019,Arkansas,Democrat,0
2020,Arkansas,Democrat,0
2017,Arkansas,Other,0
2018,Arkansas,Other,0
2019,Arkansas,Other,0
2020,Arkansas,Other,0
2017,Arkansas,Republican,6
2018,Arkansas,Republican,6
2019,Arkansas,Republican,6
2020,Arkansas,Republican,6
2017,California,Democrat,55
2018,California,Democrat,55
2019,California,Democrat,55
2020,California,Democrat,55
2017,California,Other,0
2018,California,Other,0
2019,California,Other,0
2020,California,Other,0
2017,California,Republican,0
2018,California,Republican,0
2019,California,Republican,0
2020,California,Republican,0
2017,Colorado,Democrat,9
2018,Colorado,Democrat,9
2019,Colorado,Democrat,9
2020,Colorado,Democrat,9
2017,Colorado,Other,0
2018,Colorado,Other,0
2019,Colorado,Other,0
2020,Colorado,Other,0
2017,Colorado,Republican,0
2018,Colorado,Republican,0
2019,Colorado,Republican,0
2020,Colorado,Republican,0
2017,Connecticut,Democrat,7
2018,Connecticut,Democrat,7
2019,Connecticut,Democrat,7
2020,Connecticut,Democrat,7
2017,Connecticut,Other,0
2018,Connecticut,Other,0
2019,Connecticut,Other,0
2020,Connecticut,Other,0
2017,Connecticut,Republican,0
2018,Connecticut,Republican,0
2019,Connecticut,Republican,0
2020,Connecticut,Republican,0
2017,Delaware,Democrat,3
2018,Delaware,Democrat,3
2019,Delaware,Democrat,3
2020,Delaware,Democrat,3
2017,Delaware,Other,0
2018,Delaware,Other,0
2019,Delaware,Other,0
2020,Delaware,Other,0
2017,Delaware,Republican,0
2018,Delaware,Republican,0
2019,Delaware,Republican,0
2020,Delaware,Republican,0
2017,District of Columbia,Democrat,3
2018,District of Columbia,Democrat,3
2019,District of Columbia,Democrat,3
2020,District of Columbia,Democrat,3
2017,District of Columbia,Other,0
2018,District of Columbia,Other,0
2019,District of Columbia,Other,0
2020,District of Columbia,Other,0
2017,District of Columbia,Republican,0
2018,District of Columbia,Republican,0
2019,District of Columbia,Republican,0
2020,District of Columbia,Republican,0
2017,Florida,Democrat,0
2018,Florida,Democrat,0
2019,Florida,Democrat,0
2020,Florida,Democrat,0
2017,Florida,Other,0
2018,Florida,Other,0
2019,Florida,Other,0
2020,Florida,Other,0
2017,Florida,Republican,29
2018,Florida,Republican,29
2019,Florida,Republican,29
2020,Florida,Republican,29
2017,Georgia,Democrat,0
2018,Georgia,Democrat,0
2019,Georgia,Democrat,0
2020,Georgia,Democrat,0
2017,Georgia,Other,0
2018,Georgia,Other,0
2019,Georgia,Other,0
2020,Georgia,Other,0
2017,Georgia,Republican,16
2018,Georgia,Republican,16
2019,Georgia,Republican,16
2020,Georgia,Republican,16
2017,Hawaii,Democrat,4
2018,Hawaii,Democrat,4
2019,Hawaii,Democrat,4
2020,Hawaii,Democrat,4
2017,Hawaii,Other,0
2018,Hawaii,Other,0
2019,Hawaii,Other,0
2020,Hawaii,Other,0
2017,Hawaii,Republican,0
2018,Hawaii,Republican,0
2019,Hawaii,Republican,0
2020,Hawaii,Republican,0
2017,Idaho,Democrat,0
2018,Idaho,Democrat,0
2019,Idaho,Democrat,0
2020,Idaho,Democrat,0
2017,Idaho,Other,0
2018,Idaho,Other,0
2019,Idaho,Other,0
2020,Idaho,Other,0
2017,Idaho,Republican,4
2018,Idaho,Republican,4
2019,Idaho,Republican,4
2020,Idaho,Republican,4
2017,Illinois,Democrat,20
2018,Illinois,Democrat,20
2019,Illinois,Democrat,20
2020,Illinois,Democrat,20
2017,Illinois,Other,0
2018,Illinois,Other,0
2019,Illinois,Other,0
2020,Illinois,Other,0
2017,Illinois,Republican,0
2018,Illinois,Republican,0
2019,Illinois,Republican,0
2020,Illinois,Republican,0
2017,Indiana,Democrat,0
2018,Indiana,Democrat,0
2019,Indiana,Democrat,0
2020,Indiana,Democrat,0
2017,Indiana,Other,0
2018,Indiana,Other,0
2019,Indiana,Other,0
2020,Indiana,Other,0
2017,Indiana,Republican,11
2018,Indiana,Republican,11
2019,Indiana,Republican,11
2020,Indiana,Republican,11
2017,Iowa,Democrat,0
2018,Iowa,Democrat,0
2019,Iowa,Democrat,0
2020,Iowa,Democrat,0
2017,Iowa,Other,0
2018,Iowa,Other,0
2019,Iowa,Other,0
2020,Iowa,Other,0
2017,Iowa,Republican,6
2018,Iowa,Republican,6
2019,Iowa,Republican,6
2020,Iowa,Republican,6
2017,Kansas,Democrat,0
2018,Kansas,Democrat,0
2019,Kansas,Democrat,0
2020,Kansas,Democrat,0
2017,Kansas,Other,0
2018,Kansas,Other,0
2019,Kansas,Other,0
2020,Kansas,Other,0
2017,Kansas,Republican,6
2018,Kansas,Republican,6
2019,Kansas,Republican,6
2020,Kansas,Republican,6
2017,Kentucky,Democrat,0
2018,Kentucky,Democrat,0
2019,Kentucky,Democrat,0
2020,Kentucky,Democrat,0
2017,Kentucky,Other,0
2018,Kentucky,Other,0
2019,Kentucky,Other,0
2020,Kentucky,Other,0
2017,Kentucky,Republican,8
2018,Kentucky,Republican,8
2019,Kentucky,Republican,8
2020,Kentucky,Republican,8
2017,Louisiana,Democrat,0
2018,Louisiana,Democrat,0
2019,Louisiana,Democrat,0
2020,Louisiana,Democrat,0
2017,Louisiana,Other,0
2018,Louisiana,Other,0
2019,Louisiana,Other,0
2020,Louisiana,Other,0
2017,Louisiana,Republican,8
2018,Louisiana,Republican,8
2019,Louisiana,Republican,8
2020,Louisiana,Republican,8
2017,Maine,Democrat,4
2018,Maine,Democrat,4
2019,Maine,Democrat,4
2020,Maine,Democrat,4
2017,Maine,Other,0
2018,Maine,Other,0
2019,Maine,Other,0
2020,Maine,Other,0
2017,Maine,Republican,0
2018,Maine,Republican,0
2019,Maine,Republican,0
2020,Maine,Republican,0
2017,Maryland,Democrat,10
2018,Maryland,Democrat,10
2019,Maryland,Democrat,10
2020,Maryland,Democrat,10
2017,Maryland,Other,0
2018,Maryland,Other,0
2019,Maryland,Other,0
2020,Maryland,Other,0
2017,Maryland,Republican,0
2018,Maryland,Republican,0
2019,Maryland,Republican,0
2020,Maryland,Republican,0
2017,Massachusetts,Democrat,11
2018,Massachusetts,Democrat,11
2019,Massachusetts,Democrat,11
2020,Massachusetts,Democrat,11
2017,Massachusetts,Other,0
2018,Massachusetts,Other,0
2019,Massachusetts,Other,0
2020,Massachusetts,Other,0
2017,Massachusetts,Republican,0
2018,Massachusetts,Republican,0
2019,Massachusetts,Republican,0
2020,Massachusetts,Republican,0
2017,Michigan,Democrat,0
2018,Michigan,Democrat,0
2019,Michigan,Democrat,0
2020,Michigan,Democrat,0
2017,Michigan,Other,0
2018,Michigan,Other,0
2019,Michigan,Other,0
2020,Michigan,Other,0
2017,Michigan,Republican,16
2018,Michigan,Republican,16
2019,Michigan,Republican,16
2020,Michigan,Republican,16
2017,Minnesota,Democrat,10
2018,Minnesota,Democrat,10
2019,Minnesota,Democrat,10
2020,Minnesota,Democrat,10
2017,Minnesota,Other,0
2018,Minnesota,Other,0
2019,Minnesota,Other,0
2020,Minnesota,Other,0
2017,Minnesota,Republican,0
2018,Minnesota,Republican,0
2019,Minnesota,Republican,0
2020,Minnesota,Republican,0
2017,Mississippi,Democrat,0
2018,Mississippi,Democrat,0
2019,Mississippi,Democrat,0
2020,Mississippi,Democrat,0
2017,Mississippi,Other,0
2018,Mississippi,Other,0
2019,Mississippi,Other,0
2020,Mississippi,Other,0
2017,Mississippi,Republican,6
2018,Mississippi,Republican,6
2019,Mississippi,Republican,6
2020,Mississippi,Republican,6
2017,Missouri,Democrat,0
2018,Missouri,Democrat,0
2019,Missouri,Democrat,0
2020,Missouri,Democrat,0
2017,Missouri,Other,0
2018,Missouri,Other,0
2019,Missouri,Other,0
2020,Missouri,Other,0
2017,Missouri,Republican,10
2018,Missouri,Republican,10
2019,Missouri,Republican,10
2020,Missouri,Republican,10
2017,Montana,Democrat,0
2018,Montana,Democrat,0
2019,Montana,Democrat,0
2020,Montana,Democrat,0
2017,Montana,Other,0
2018,Montana,Other,0
2019,Montana,Other,0
2020,Montana,Other,0
2017,Montana,Republican,3
2018,Montana,Republican,3
2019,Montana,Republican,3
2020,Montana,Republican,3
2017,Nebraska,Democrat,0
2018,Nebraska,Democrat,0
2019,Nebraska,Democrat,0
2020,Nebraska,Democrat,0
2017,Nebraska,Other,0
2018,Nebraska,Other,0
2019,Nebraska,Other,0
2020,Nebraska,Other,0
2017,Nebraska,Republican,5
2018,Nebraska,Republican,5
2019,Nebraska,Republican,5
2020,Nebraska,Republican,5
2017,Nevada,Democrat,6
2018,Nevada,Democrat,6
2019,Nevada,Democrat,6
2020,Nevada,Democrat,6
2017,Nevada,Other,0
2018,Nevada,Other,0
2019,Nevada,Other,0
2020,Nevada,Other,0
2017,Nevada,Republican,0
2018,Nevada,Republican,0
2019,Nevada,Republican,0
2020,Nevada,Republican,0
2017,New Hampshire,Democrat,4
2018,New Hampshire,Democrat,4
2019,New Hampshire,Democrat,4
2020,New Hampshire,Democrat,4
2017,New Hampshire,Other,0
2018,New Hampshire,Other,0
2019,New Hampshire,Other,0
2020,New Hampshire,Other,0
2017,New Hampshire,Republican,0
2018,New Hampshire,Republican,0
2019,New Hampshire,Republican,0
2020,New Hampshire,Republican,0
2017,New Jersey,Democrat,14
2018,New Jersey,Democrat,14
2019,New Jersey,Democrat,14
2020,New Jersey,Democrat,14
2017,New Jersey,Other,0
2018,New Jersey,Other,0
2019,New Jersey,Other,0
2020,New Jersey,Other,0
2017,New Jersey,Republican,0
2018,New Jersey,Republican,0
2019,New Jersey,Republican,0
2020,New Jersey,Republican,0
2017,New Mexico,Democrat,5
2018,New Mexico,Democrat,5
2019,New Mexico,Democrat,5
2020,New Mexico,Democrat,5
2017,New Mexico,Other,0
2018,New Mexico,Other,0
2019,New Mexico,Other,0
2020,New Mexico,Other,0
2017,New Mexico,Republican,0
2018,New Mexico,Republican,0
2019,New Mexico,Republican,0
2020,New Mexico,Republican,0
2017,New York,Democrat,29
2018,New York,Democrat,29
2019,New York,Democrat,29
2020,New York,Democrat,29
2017,New York,Other,0
2018,New York,Other,0
2019,New York,Other,0
2020,New York,Other,0
2017,New York,Republican,0
2018,New York,Republican,0
2019,New York,Republican,0
2020,New York,Republican,0
2017,North Carolina,Democrat,0
2018,North Carolina,Democrat,0
2019,North Carolina,Democrat,0
2020,North Carolina,Democrat,0
2017,North Carolina,Other,0
2018,North Carolina,Other,0
2019,North Carolina,Other,0
2020,North Carolina,Other,0
2017,North Carolina,Republican,15
2018,North Carolina,Republican,15
2019,North Carolina,Republican,15
2020,North Carolina,Republican,15
2017,North Dakota,Democrat,0
2018,North Dakota,Democrat,0
2019,North Dakota,Democrat,0
2020,North Dakota,Democrat,0
2017,North Dakota,Other,0
2018,North Dakota,Other,0
2019,North Dakota,Other,0
2020,North Dakota,Other,0
2017,North Dakota,Republican,3
2018,North Dakota,Republican,3
2019,North Dakota,Republican,3
2020,North Dakota,Republican,3
2017,Ohio,Democrat,0
2018,Ohio,Democrat,0
2019,Ohio,Democrat,0
2020,Ohio,Democrat,0
2017,Ohio,Other,0
2018,Ohio,Other,0
2019,Ohio,Other,0
2020,Ohio,Other,0
2017,Ohio,Republican,18
2018,Ohio,Republican,18
2019,Ohio,Republican,18
2020,Ohio,Republican,18
2017,Oklahoma,Democrat,0
2018,Oklahoma,Democrat,0
2019,Oklahoma,Democrat,0
2020,Oklahoma,Democrat,0
2017,Oklahoma,Other,0
2018,Oklahoma,Other,0
2019,Oklahoma,Other,0
2020,Oklahoma,Other,0
2017,Oklahoma,Republican,7
2018,Oklahoma,Republican,7
2019,Oklahoma,Republican,7
2020,Oklahoma,Republican,7
2017,Oregon,Democrat,7
2018,Oregon,Democrat,7
2019,Oregon,Democrat,7
2020,Oregon,Democrat,7
2017,Oregon,Other,0
2018,Oregon,Other,0
2019,Oregon,Other,0
2020,Oregon,Other,0
2017,Oregon,Republican,0
2018,Oregon,Republican,0
2019,Oregon,Republican,0
2020,Oregon,Republican,0
2017,Pennsylvania,Democrat,0
2018,Pennsylvania,Democrat,0
2019,Pennsylvania,Democrat,0
2020,Pennsylvania,Democrat,0
2017,Pennsylvania,Other,0
2018,Pennsylvania,Other,0
2019,Pennsylvania,Other,0
2020,Pennsylvania,Other,0
2017,Pennsylvania,Republican,20
2018,Pennsylvania,Republican,20
2019,Pennsylvania,Republican,20
2020,Pennsylvania,Republican,20
2017,Rhode Island,Democrat,4
2018,Rhode Island,Democrat,4
2019,Rhode Island,Democrat,4
2020,Rhode Island,Democrat,4
2017,Rhode Island,Other,0
2018,Rhode Island,Other,0
2019,Rhode Island,Other,0
2020,Rhode Island,Other,0
2017,Rhode Island,Republican,0
2018,Rhode Island,Republican,0
2019,Rhode Island,Republican,0
2020,Rhode Island,Republican,0
2017,South Carolina,Democrat,0
2018,South Carolina,Democrat,0
2019,South Carolina,Democrat,0
2020,South Carolina,Democrat,0
2017,South Carolina,Other,0
2018,South Carolina,Other,0
2019,South Carolina,Other,0
2020,South Carolina,Other,0
2017,South Carolina,Republican,9
2018,South Carolina,Republican,9
2019,South Carolina,Republican,9
2020,South Carolina,Republican,9
2017,South Dakota,Democrat,0
2018,South Dakota,Democrat,0
2019,South Dakota,Democrat,0
2020,South Dakota,Democrat,0
2017,South Dakota,Other,0
2018,South Dakota,Other,0
2019,South Dakota,Other,0
2020,South Dakota,Other,0
2017,South Dakota,Republican,3
2018,South Dakota,Republican,3
2019,South Dakota,Republican,3
2020,South Dakota,Republican,3
2017,Tennessee,Democrat,0
2018,Tennessee,Democrat,0
2019,Tennessee,Democrat,0
2020,Tennessee,Democrat,0
2017,Tennessee,Other,0
2018,Tennessee,Other,0
2019,Tennessee,Other,0
2020,Tennessee,Other,0
2017,Tennessee,Republican,11
2018,Tennessee,Republican,11
2019,Tennessee,Republican,11
2020,Tennessee,Republican,11
2017,Texas,Democrat,0
2018,Texas,Democrat,0
2019,Texas,Democrat,0
2020,Texas,Democrat,0
2017,Texas,Other,0
2018,Texas,Other,0
2019,Texas,Other,0
2020,Texas,Other,0
2017,Texas,Republican,38
2018,Texas,Republican,38
2019,Texas,Republican,38
2020,Texas,Republican,38
2017,Utah,Democrat,0
2018,Utah,Democrat,0
2019,Utah,Democrat,0
2020,Utah,Democrat,0
2017,Utah,Other,0
2018,Utah,Other,0
2019,Utah,Other,0
2020,Utah,Other,0
2017,Utah,Republican,6
2018,Utah,Republican,6
2019,Utah,Republican,6
2020,Utah,Republican,6
2017,Vermont,Democrat,3
2018,Vermont,Democrat,3
2019,Vermont,Democrat,3
2020,Vermont,Democrat,3
2017,Vermont,Other,0
2018,Vermont,Other,0
2019,Vermont,Other,0
2020,Vermont,Other,0
2017,Vermont,Republican,0
2018,Vermont,Republican,0
2019,Vermont,Republican,0
2020,Vermont,Republican,0
2017,Virginia,Democrat,13
2018,Virginia,Democrat,13
2019,Virginia,Democrat,13
2020,Virginia,Democrat,13
2017,Virginia,Other,0
2018,Virginia,Other,0
2019,Virginia,Other,0
2020,Virginia,Other,0
2017,Virginia,Republican,0
2018,Virginia,Republican,0
2019,Virginia,Republican,0
2020,Virginia,Republican,0
2017,Washington,Democrat,12
2018,Washington,Democrat,12
2019,Washington,Democrat,12
2020,Washington,Democrat,12
2017,Washington,Other,0
2018,Washington,Other,0
2019,Washington,Other,0
2020,Washington,Other,0
2017,Washington,Republican,0
2018,Washington,Republican,0
2019,Washington,Republican,0
2020,Washington,Republican,0
2017,West Virginia,Democrat,0
2018,West Virginia,Democrat,0
2019,West Virginia,Democrat,0
2020,West Virginia,Democrat,0
2017,West Virginia,Other,0
2018,West Virginia,Other,0
2019,West Virginia,Other,0
2020,West Virginia,Other,0
2017,West Virginia,Republican,5
2018,West Virginia,Republican,5
2019,West Virginia,Republican,5
2020,West Virginia,Republican,5
2017,Wisconsin,Democrat,0
2018,Wisconsin,Democrat,0
2019,Wisconsin,Democrat,0
2020,Wisconsin,Democrat,0
2017,Wisconsin,Other,0
2018,Wisconsin,Other,0
2019,Wisconsin,Other,0
2020,Wisconsin,Other,0
2017,Wisconsin,Republican,10
2018,Wisconsin,Republican,10
2019,Wisconsin,Republican,10
2020,Wisconsin,Republican,10
2017,Wyoming,Democrat,0
2018,Wyoming,Democrat,0
2019,Wyoming,Democrat,0
2020,Wyoming,Democrat,0
2017,Wyoming,Other,0
2018,Wyoming,Other,0
2019,Wyoming,Other,0
2020,Wyoming,Other,0
2017,Wyoming,Republican,3
2018,Wyoming,Republican,3
2019,Wyoming,Republican,3
2020,Wyoming,Republican,3
2021,Alabama,Democrat,0
2022,Alabama,Democrat,0
2023,Alabama,Democrat,0
2024,Alabama,Democrat,0
2021,Alabama,Other,0
2022,Alabama,Other,0
2023,Alabama,Other,0
2024,Alabama,Other,0
2021,Alabama,Republican,9
2022,Alabama,Republican,9
2023,Alabama,Republican,9
2024,Alabama,Republican,9
2021,Alaska,Democrat,0
2022,Alaska,Democrat,0
2023,Alaska,Democrat,0
2024,Alaska,Democrat,0
2021,Alaska,Other,0
2022,Alaska,Other,0
2023,Alaska,Other,0
2024,Alaska,Other,0
2021,Alaska,Republican,3
2022,Alaska,Republican,3
2023,Alaska,Republican,3
2024,Alaska,Republican,3
2021,Arizona,Democrat,11
2022,Arizona,Democrat,11
2023,Arizona,Democrat,11
2024,Arizona,Democrat,11
2021,Arizona,Other,0
2022,Arizona,Other,0
2023,Arizona,Other,0
2024,Arizona,Other,0
2021,Arizona,Republican,0
2022,Arizona,Republican,0
2023,Arizona,Republican,0
2024,Arizona,Republican,0
2021,Arkansas,Democrat,0
2022,Arkansas,Democrat,0
2023,Arkansas,Democrat,0
2024,Arkansas,Democrat,0
2021,Arkansas,Other,0
2022,Arkansas,Other,0
2023,Arkansas,Other,0
2024,Arkansas,Other,0
2021,Arkansas,Republican,6
2022,Arkansas,Republican,6
2023,Arkansas,Republican,6
2024,Arkansas,Republican,6
2021,California,Democrat,55
2022,California,Democrat,55
2023,California,Democrat,55
2024,California,Democrat,55
2021,California,Other,0
2022,California,Other,0
2023,California,Other,0
2024,California,Other,0
2021,California,Republican,0
2022,California,Republican,0
2023,California,Republican,0
2024,California,Republican,0
2021,Colorado,Democrat,9
2022,Colorado,Democrat,9
2023,Colorado,Democrat,9
2024,Colorado,Democrat,9
2021,Colorado,Other,0
2022,Colorado,Other,0
2023,Colorado,Other,0
2024,Colorado,Other,0
2021,Colorado,Republican,0
2022,Colorado,Republican,0
2023,Colorado,Republican,0
2024,Colorado,Republican,0
2021,Connecticut,Democrat,7
2022,Connecticut,Democrat,7
2023,Connecticut,Democrat,7
2024,Connecticut,Democrat,7
2021,Connecticut,Other,0
2022,Connecticut,Other,0
2023,Connecticut,Other,0
2024,Connecticut,Other,0
2021,Connecticut,Republican,0
2022,Connecticut,Republican,0
2023,Connecticut,Republican,0
2024,Connecticut,Republican,0
2021,Delaware,Democrat,3
2022,Delaware,Democrat,3
2023,Delaware,Democrat,3
2024,Delaware,Democrat,3
2021,Delaware,Other,0
2022,Delaware,Other,0
2023,Delaware,Other,0
2024,Delaware,Other,0
2021,Delaware,Republican,0
2022,Delaware,Republican,0
2023,Delaware,Republican,0
2024,Delaware,Republican,0
2021,District of Columbia,Democrat,3
2022,District of Columbia,Democrat,3
2023,District of Columbia,Democrat,3
2024,District of Columbia,Democrat,3
2021,District of Columbia,Other,0
2022,District of Columbia,Other,0
2023,District of Columbia,Other,0
2024,District of Columbia,Other,0
2021,District of Columbia,Republican,0
2022,District of Columbia,Republican,0
2023,District of Columbia,Republican,0
2024,District of Columbia,Republican,0
2021,Florida,Democrat,0
2022,Florida,Democrat,0
2023,Florida,Democrat,0
2024,Florida,Democrat,0
2021,Florida,Other,0
2022,Florida,Other,0
2023,Florida,Other,0
2024,Florida,Other,0
2021,Florida,Republican,29
2022,Florida,Republican,29
2023,Florida,Republican,29
2024,Florida,Republican,29
2021,Georgia,Democrat,16
2022,Georgia,Democrat,16
2023,Georgia,Democrat,16
2024,Georgia,Democrat,16
2021,Georgia,Other,0
2022,Georgia,Other,0
2023,Georgia,Other,0
2024,Georgia,Other,0
2021,Georgia,Republican,0
2022,Georgia,Republican,0
2023,Georgia,Republican,0
2024,Georgia,Republican,0
2021,Hawaii,Democrat,4
2022,Hawaii,Democrat,4
2023,Hawaii,Democrat,4
2024,Hawaii,Democrat,4
2021,Hawaii,Other,0
2022,Hawaii,Other,0
2023,Hawaii,Other,0
2024,Hawaii,Other,0
2021,Hawaii,Republican,0
2022,Hawaii,Republican,0
2023,Hawaii,Republican,0
2024,Hawaii,Republican,0
2021,Idaho,Democrat,0
2022,Idaho,Democrat,0
2023,Idaho,Democrat,0
2024,Idaho,Democrat,0
2021,Idaho,Other,0
2022,Idaho,Other,0
2023,Idaho,Other,0
2024,Idaho,Other,0
2021,Idaho,Republican,4
2022,Idaho,Republican,4
2023,Idaho,Republican,4
2024,Idaho,Republican,4
2021,Illinois,Democrat,20
2022,Illinois,Democrat,20
2023,Illinois,Democrat,20
2024,Illinois,Democrat,20
2021,Illinois,Other,0
2022,Illinois,Other,0
2023,Illinois,Other,0
2024,Illinois,Other,0
2021,Illinois,Republican,0
2022,Illinois,Republican,0
2023,Illinois,Republican,0
2024,Illinois,Republican,0
2021,Indiana,Democrat,0
2022,Indiana,Democrat,0
2023,Indiana,Democrat,0
2024,Indiana,Democrat,0
2021,Indiana,Other,0
2022,Indiana,Other,0
2023,Indiana,Other,0
2024,Indiana,Other,0
2021,Indiana,Republican,11
2022,Indiana,Republican,11
2023,Indiana,Republican,11
2024,Indiana,Republican,11
2021,Iowa,Democrat,0
2022,Iowa,Democrat,0
2023,Iowa,Democrat,0
2024,Iowa,Democrat,0
2021,Iowa,Other,0
2022,Iowa,Other,0
2023,Iowa,Other,0
2024,Iowa,Other,0
2021,Iowa,Republican,6
2022,Iowa,Republican,6
2023,Iowa,Republican,6
2024,Iowa,Republican,6
2021,Kansas,Democrat,0
2022,Kansas,Democrat,0
2023,Kansas,Democrat,0
2024,Kansas,Democrat,0
2021,Kansas,Other,0
2022,Kansas,Other,0
2023,Kansas,Other,0
2024,Kansas,Other,0
2021,Kansas,Republican,6
2022,Kansas,Republican,6
2023,Kansas,Republican,6
2024,Kansas,Republican,6
2021,Kentucky,Democrat,0
2022,Kentucky,Democrat,0
2023,Kentucky,Democrat,0
2024,Kentucky,Democrat,0
2021,Kentucky,Other,0
2022,Kentucky,Other,0
2023,Kentucky,Other,0
2024,Kentucky,Other,0
2021,Kentucky,Republican,8
2022,Kentucky,Republican,8
2023,Kentucky,Republican,8
2024,Kentucky,Republican,8
2021,Louisiana,Democrat,0
2022,Louisiana,Democrat,0
2023,Louisiana,Democrat,0
2024,Louisiana,Democrat,0
2021,Louisiana,Other,0
2022,Louisiana,Other,0
2023,Louisiana,Other,0
2024,Louisiana,Other,0
2021,Louisiana,Republican,8
2022,Louisiana,Republican,8
2023,Louisiana,Republican,8
2024,Louisiana,Republican,8
2021,Maine,Democrat,4
2022,Maine,Democrat,4
2023,Maine,Democrat,4
2024,Maine,Democrat,4
2021,Maine,Other,0
2022,Maine,Other,0
2023,Maine,Other,0
2024,Maine,Other,0
2021,Maine,Republican,0
2022,Maine,Republican,0
2023,Maine,Republican,0
2024,Maine,Republican,0
2021,Maryland,Democrat,10
2022,Maryland,Democrat,10
2023,Maryland,Democrat,10
2024,Maryland,Democrat,10
2021,Maryland,Other,0
2022,Maryland,Other,0
2023,Maryland,Other,0
2024,Maryland,Other,0
2021,Maryland,Republican,0
2022,Maryland,Republican,0
2023,Maryland,Republican,0
2024,Maryland,Republican,0
2021,Massachusetts,Democrat,11
2022,Massachusetts,Democrat,11
2023,Massachusetts,Democrat,11
2024,Massachusetts,Democrat,11
2021,Massachusetts,Other,0
2022,Massachusetts,Other,0
2023,Massachusetts,Other,0
2024,Massachusetts,Other,0
2021,Massachusetts,Republican,0
2022,Massachusetts,Republican,0
2023,Massachusetts,Republican,0
2024,Massachusetts,Republican,0
2021,Michigan,Democrat,16
2022,Michigan,Democrat,16
2023,Michigan,Democrat,16
2024,Michigan,Democrat,16
2021,Michigan,Other,0
2022,Michigan,Other,0
2023,Michigan,Other,0
2024,Michigan,Other,0
2021,Michigan,Republican,0
2022,Michigan,Republican,0
2023,Michigan,Republican,0
2024,Michigan,Republican,0
2021,Minnesota,Democrat,10
2022,Minnesota,Democrat,10
2023,Minnesota,Democrat,10
2024,Minnesota,Democrat,10
2021,Minnesota,Other,0
2022,Minnesota,Other,0
2023,Minnesota,Other,0
2024,Minnesota,Other,0
2021,Minnesota,Republican,0
2022,Minnesota,Republican,0
2023,Minnesota,Republican,0
2024,Minnesota,Republican,0
2021,Mississippi,Democrat,0
2022,Mississippi,Democrat,0
2023,Mississippi,Democrat,0
2024,Mississippi,Democrat,0
2021,Mississippi,Other,0
2022,Mississippi,Other,0
2023,Mississippi,Other,0
2024,Mississippi,Other,0
2021,Mississippi,Republican,6
2022,Mississippi,Republican,6
2023,Mississippi,Republican,6
2024,Mississippi,Republican,6
2021,Missouri,Democrat,0
2022,Missouri,Democrat,0
2023,Missouri,Democrat,0
2024,Missouri,Democrat,0
2021,Missouri,Other,0
2022,Missouri,Other,0
2023,Missouri,Other,0
2024,Missouri,Other,0
2021,Missouri,Republican,10
2022,Missouri,Republican,10
2023,Missouri,Republican,10
2024,Missouri,Republican,10
2021,Montana,Democrat,0
2022,Montana,Democrat,0
2023,Montana,Democrat,0
2024,Montana,Democrat,0
2021,Montana,Other,0
2022,Montana,Other,0
2023,Montana,Other,0
2024,Montana,Other,0
2021,Montana,Republican,3
2022,Montana,Republican,3
2023,Montana,Republican,3
2024,Montana,Republican,3
2021,Nebraska,Democrat,0
2022,Nebraska,Democrat,0
2023,Nebraska,Democrat,0
2024,Nebraska,Democrat,0
2021,Nebraska,Other,0
2022,Nebraska,Other,0
2023,Nebraska,Other,0
2024,Nebraska,Other,0
2021,Nebraska,Republican,5
2022,Nebraska,Republican,5
2023,Nebraska,Republican,5
2024,Nebraska,Republican,5
2021,Nevada,Democrat,6
2022,Nevada,Democrat,6
2023,Nevada,Democrat,6
2024,Nevada,Democrat,6
2021,Nevada,Other,0
2022,Nevada,Other,0
2023,Nevada,Other,0
2024,Nevada,Other,0
2021,Nevada,Republican,0
2022,Nevada,Republican,0
2023,Nevada,Republican,0
2024,Nevada,Republican,0
2021,New Hampshire,Democrat,4
2022,New Hampshire,Democrat,4
2023,New Hampshire,Democrat,4
2024,New Hampshire,Democrat,4
2021,New Hampshire,Other,0
2022,New Hampshire,Other,0
2023,New Hampshire,Other,0
2024,New Hampshire,Other,0
2021,New Hampshire,Republican,0
2022,New Hampshire,Republican,0
2023,New Hampshire,Republican,0
2024,New Hampshire,Republican,0
2021,New Jersey,Democrat,14
2022,New Jersey,Democrat,14
2023,New Jersey,Democrat,14
2024,New Jersey,Democrat,14
2021,New Jersey,Other,0
2022,New Jersey,Other,0
2023,New Jersey,Other,0
2024,New Jersey,Other,0
2021,New Jersey,Republican,0
2022,New Jersey,Republican,0
2023,New Jersey,Republican,0
2024,New Jersey,Republican,0
2021,New Mexico,Democrat,5
2022,New Mexico,Democrat,5
2023,New Mexico,Democrat,5
2024,New Mexico,Democrat,5
2021,New Mexico,Other,0
2022,New Mexico,Other,0
2023,New Mexico,Other,0
2024,New Mexico,Other,0
2021,New Mexico,Republican,0
2022,New Mexico,Republican,0
2023,New Mexico,Republican,0
2024,New Mexico,Republican,0
2021,New York,Democrat,29
2022,New York,Democrat,29
2023,New York,Democrat,29
2024,New York,Democrat,29
2021,New York,Other,0
2022,New York,Other,0
2023,New York,Other,0
2024,New York,Other,0
2021,New York,Republican,0
2022,New York,Republican,0
2023,New York,Republican,0
2024,New York,Republican,0
2021,North Carolina,Democrat,0
2022,North Carolina,Democrat,0
2023,North Carolina,Democrat,0
2024,North Carolina,Democrat,0
2021,North Carolina,Other,0
2022,North Carolina,Other,0
2023,North Carolina,Other,0
2024,North Carolina,Other,0
2021,North Carolina,Republican,15
2022,North Carolina,Republican,15
2023,North Carolina,Republican,15
2024,North Carolina,Republican,15
2021,North Dakota,Democrat,0
2022,North Dakota,Democrat,0
2023,North Dakota,Democrat,0
2024,North Dakota,Democrat,0
2021,North Dakota,Other,0
2022,North Dakota,Other,0
2023,North Dakota,Other,0
2024,North Dakota,Other,0
2021,North Dakota,Republican,3
2022,North Dakota,Republican,3
2023,North Dakota,Republican,3
2024,North Dakota,Republican,3
2021,Ohio,Democrat,0
2022,Ohio,Democrat,0
2023,Ohio,Democrat,0
2024,Ohio,Democrat,0
2021,Ohio,Other,0
2022,Ohio,Other,0
2023,Ohio,Other,0
2024,Ohio,Other,0
2021,Ohio,Republican,18
2022,Ohio,Republican,18
2023,Ohio,Republican,18
2024,Ohio,Republican,18
2021,Oklahoma,Democrat,0
2022,Oklahoma,Democrat,0
2023,Oklahoma,Democrat,0
2024,Oklahoma,Democrat,0
2021,Oklahoma,Other,0
2022,Oklahoma,Other,0
2023,Oklahoma,Other,0
2024,Oklahoma,Other,0
2021,Oklahoma,Republican,7
2022,Oklahoma,Republican,7
2023,Oklahoma,Republican,7
2024,Oklahoma,Republican,7
2021,Oregon,Democrat,7
2022,Oregon,Democrat,7
2023,Oregon,Democrat,7
2024,Oregon,Democrat,7
2021,Oregon,Other,0
2022,Oregon,Other,0
2023,Oregon,Other,0
2024,Oregon,Other,0
2021,Oregon,Republican,0
2022,Oregon,Republican,0
2023,Oregon,Republican,0
2024,Oregon,Republican,0
2021,Pennsylvania,Democrat,20
2022,Pennsylvania,Democrat,20
2023,Pennsylvania,Democrat,20
2024,Pennsylvania,Democrat,20
2021,Pennsylvania,Other,0
2022,Pennsylvania,Other,0
2023,Pennsylvania,Other,0
2024,Pennsylvania,Other,0
2021,Pennsylvania,Republican,0
2022,Pennsylvania,Republican,0
2023,Pennsylvania,Republican,0
2024,Pennsylvania,Republican,0
2021,Rhode Island,Democrat,4
2022,Rhode Island,Democrat,4
2023,Rhode Island,Democrat,4
2024,Rhode Island,Democrat,4
2021,Rhode Island,Other,0
2022,Rhode Island,Other,0
2023,Rhode Island,Other,0
2024,Rhode Island,Other,0
2021,Rhode Island,Republican,0
2022,Rhode Island,Republican,0
2023,Rhode Island,Republican,0
2024,Rhode Island,Republican,0
2021,South Carolina,Democrat,0
2022,South Carolina,Democrat,0
2023,South Carolina,Democrat,0
2024,South Carolina,Democrat,0
2021,South Carolina,Other,0
2022,South Carolina,Other,0
2023,South Carolina,Other,0
2024,South Carolina,Other,0
2021,South Carolina,Republican,9
2022,South Carolina,Republican,9
2023,South Carolina,Republican,9
2024,South Carolina,Republican,9
2021,South Dakota,Democrat,0
2022,South Dakota,Democrat,0
2023,South Dakota,Democrat,0
2024,South Dakota,Democrat,0
2021,South Dakota,Other,0
2022,South Dakota,Other,0
2023,South Dakota,Other,0
2024,South Dakota,Other,0
2021,South Dakota,Republican,3
2022,South Dakota,Republican,3
2023,South Dakota,Republican,3
2024,South Dakota,Republican,3
2021,Tennessee,Democrat,0
2022,Tennessee,Democrat,0
2023,Tennessee,Democrat,0
2024,Tennessee,Democrat,0
2021,Tennessee,Other,0
2022,Tennessee,Other,0
2023,Tennessee,Other,0
2024,Tennessee,Other,0
2021,Tennessee,Republican,11
2022,Tennessee,Republican,11
2023,Tennessee,Republican,11
2024,Tennessee,Republican,11
2021,Texas,Democrat,0
2022,Texas,Democrat,0
2023,Texas,Democrat,0
2024,Texas,Democrat,0
2021,Texas,Other,0
2022,Texas,Other,0
2023,Texas,Other,0
2024,Texas,Other,0
2021,Texas,Republican,38
2022,Texas,Republican,38
2023,Texas,Republican,38
2024,Texas,Republican,38
2021,Utah,Democrat,0
2022,Utah,Democrat,0
2023,Utah,Democrat,0
2024,Utah,Democrat,0
2021,Utah,Other,0
2022,Utah,Other,0
2023,Utah,Other,0
2024,Utah,Other,0
2021,Utah,Republican,6
2022,Utah,Republican,6
2023,Utah,Republican,6
2024,Utah,Republican,6
2021,Vermont,Democrat,3
2022,Vermont,Democrat,3
2023,Vermont,Democrat,3
2024,Vermont,Democrat,3
2021,Vermont,Other,0
2022,Vermont,Other,0
2023,Vermont,Other,0
2024,Vermont,Other,0
2021,Vermont,Republican,0
2022,Vermont,Republican,0
2023,Vermont,Republican,0
2024,Vermont,Republican,0
2021,Virginia,Democrat,13
2022,Virginia,Democrat,13
2023,Virginia,Democrat,13
2024,Virginia,Democrat,13
2021,Virginia,Other,0
2022,Virginia,Other,0
2023,Virginia,Other,0
2024,Virginia,Other,0
2021,Virginia,Republican,0
2022,Virginia,Republican,0
2023,Virginia,Republican,0
2024,Virginia,Republican,0
2021,Washington,Democrat,12
2022,Washington,Democrat,12
2023,Washington,Democrat,12
2024,Washington,Democrat,12
2021,Washington,Other,0
2022,Washington,Other,0
2023,Washington,Other,0
2024,Washington,Other,0
2021,Washington,Republican,0
2022,Washington,Republican,0
2023,Washington,Republican,0
2024,Washington,Republican,0
2021,West Virginia,Democrat,0
2022,West Virginia,Democrat,0
2023,West Virginia,Democrat,0
2024,West Virginia,Democrat,0
2021,West Virginia,Other,0
2022,West Virginia,Other,0
2023,West Virginia,Other,0
2024,West Virginia,Other,0
2021,West Virginia,Republican,5
2022,West Virginia,Republican,5
2023,West Virginia,Republican,5
2024,West Virginia,Republican,5
2021,Wisconsin,Democrat,10
2022,Wisconsin,Democrat,10
2023,Wisconsin,Democrat,10
2024,Wisconsin,Democrat,10
2021,Wisconsin,Other,0
2022,Wisconsin,Other,0
2023,Wisconsin,Other,0
2024,Wisconsin,Other,0
2021,Wisconsin,Republican,0
2022,Wisconsin,Republican,0
2023,Wisconsin,Republican,0
2024,Wisconsin,Republican,0
2021,Wyoming,Democrat,0
2022,Wyoming,Democrat,0
2023,Wyoming,Democrat,0
2024,Wyoming,Democrat,0
2021,Wyoming,Other,0
2022,Wyoming,Other,0
2023,Wyoming,Other,0
2024,Wyoming,Other,0
2021,Wyoming,Republican,3
2022,Wyoming,Republican,3
2023,Wyoming,Republican,3
2024,Wyoming,Republican,3
2014,Midwest,Democrat,80
2015,Midwest,Democrat,80
2016,Midwest,Democrat,80
2014,Midwest,Other,0
2015,Midwest,Other,0
2016,Midwest,Other,0
2014,Midwest,Republican,38
2015,Midwest,Republican,38
2016,Midwest,Republican,38
2014,Northeast,Democrat,96
2015,Northeast,Democrat,96
2016,Northeast,Democrat,96
2014,Northeast,Other,0
2015,Northeast,Other,0
2016,Northeast,Other,0
2014,Northeast,Republican,0
2015,Northeast,Republican,0
2016,Northeast,Republican,0
2014,Northwest,Democrat,93
2015,Northwest,Democrat,93
2016,Northwest,Democrat,93
2014,Northwest,Other,0
2015,Northwest,Other,0
2016,Northwest,Other,0
2014,Northwest,Republican,19
2015,Northwest,Republican,19
2016,Northwest,Republican,19
2014,Southeast,Democrat,58
2015,Southeast,Democrat,58
2016,Southeast,Democrat,58
2014,Southeast,Other,0
2015,Southeast,Other,0
2016,Southeast,Other,0
2014,Southeast,Republican,93
2015,Southeast,Republican,93
2016,Southeast,Republican,93
2014,Southwest,Democrat,5
2015,Southwest,Democrat,5
2016,Southwest,Democrat,5
2014,Southwest,Other,0
2015,Southwest,Other,0
2016,Southwest,Other,0
2014,Southwest,Republican,56
2015,Southwest,Republican,56
2016,Southwest,Republican,56
2017,Midwest,Democrat,30
2018,Midwest,Democrat,30
2019,Midwest,Democrat,30
2020,Midwest,Democrat,30
2017,Midwest,Other,0
2018,Midwest,Other,0
2019,Midwest,Other,0
2020,Midwest,Other,0
2017,Midwest,Republican,88
2018,Midwest,Republican,88
2019,Midwest,Republican,88
2020,Midwest,Republican,88
2017,Northeast,Democrat,76
2018,Northeast,Democrat,76
2019,Northeast,Democrat,76
2020,Northeast,Democrat,76
2017,Northeast,Other,0
2018,Northeast,Other,0
2019,Northeast,Other,0
2020,Northeast,Other,0
2017,Northeast,Republican,20
2018,Northeast,Republican,20
2019,Northeast,Republican,20
2020,Northeast,Republican,20
2017,Northwest,Democrat,93
2018,Northwest,Democrat,93
2019,Northwest,Democrat,93
2020,Northwest,Democrat,93
2017,Northwest,Other,0
2018,Northwest,Other,0
2019,Northwest,Other,0
2020,Northwest,Other,0
2017,Northwest,Republican,19
2018,Northwest,Republican,19
2019,Northwest,Republican,19
2020,Northwest,Republican,19
2017,Southeast,Democrat,29
2018,Southeast,Democrat,29
2019,Southeast,Democrat,29
2020,Southeast,Democrat,29
2017,Southeast,Other,0
2018,Southeast,Other,0
2019,Southeast,Other,0
2020,Southeast,Other,0
2017,Southeast,Republican,122
2018,Southeast,Republican,122
2019,Southeast,Republican,122
2020,Southeast,Republican,122
2017,Southwest,Democrat,5
2018,Southwest,Democrat,5
2019,Southwest,Democrat,5
2020,Southwest,Democrat,5
2017,Southwest,Other,0
2018,Southwest,Other,0
2019,Southwest,Other,0
2020,Southwest,Other,0
2017,Southwest,Republican,56
2018,Southwest,Republican,56
2019,Southwest,Republican,56
2020,Southwest,Republican,56
2021,Midwest,Democrat,56
2022,Midwest,Democrat,56
2023,Midwest,Democrat,56
2024,Midwest,Democrat,56
2021,Midwest,Other,0
2022,Midwest,Other,0
2023,Midwest,Other,0
2024,Midwest,Other,0
2021,Midwest,Republican,62
2022,Midwest,Republican,62
2023,Midwest,Republican,62
2024,Midwest,Republican,62
2021,Northeast,Democrat,96
2022,Northeast,Democrat,96
2023,Northeast,Democrat,96
2024,Northeast,Democrat,96
2021,Northeast,Other,0
2022,Northeast,Other,0
2023,Northeast,Other,0
2024,Northeast,Other,0
2021,Northeast,Republican,0
2022,Northeast,Republican,0
2023,Northeast,Republican,0
2024,Northeast,Republican,0
2021,Northwest,Democrat,93
2022,Northwest,Democrat,93
2023,Northwest,Democrat,93
2024,Northwest,Democrat,93
2021,Northwest,Other,0
2022,Northwest,Other,0
2023,Northwest,Other,0
2024,Northwest,Other,0
2021,Northwest,Republican,19
2022,Northwest,Republican,19
2023,Northwest,Republican,19
2024,Northwest,Republican,19
2021,Southeast,Democrat,45
2022,Southeast,Democrat,45
2023,Southeast,Democrat,45
2024,Southeast,Democrat,45
2021,Southeast,Other,0
2022,Southeast,Other,0
2023,Southeast,Other,0
2024,Southeast,Other,0
2021,Southeast,Republican,106
2022,Southeast,Republican,106
2023,Southeast,Republican,106
2024,Southeast,Republican,106
2021,Southwest,Democrat,16
2022,Southwest,Democrat,16
2023,Southwest,Democrat,16
2024,Southwest,Democrat,16
2021,Southwest,Other,0
2022,Southwest,Other,0
2023,Southwest,Other,0
2024,Southwest,Other,0
2021,Southwest,Republican,45
2022,Southwest,Republican,45
2023,Southwest,Republican,45
2024,Southwest,Republican,45
2014,United States,Democrat,332
2015,United States,Democrat,332
2016,United States,Democrat,332
2014,United States,Other,0
2015,United States,Other,0
2016,United States,Other,0
2014,United States,Republican,206
2015,United States,Republican,206
2016,United States,Republican,206
2017,United States,Democrat,233
2018,United States,Democrat,233
2019,United States,Democrat,233
2020,United States,Democrat,233
2017,United States,Other,0
2018,United States,Other,0
2019,United States,Other,0
2020,United States,Other,0
2017,United States,Republican,305
2018,United States,Republican,305
2019,United States,Republican,305
2020,United States,Republican,305
2021,United States,Democrat,306
2022,United States,Democrat,306
2023,United States,Democrat,306
2024,United States,Democrat,306
2021,United States,Other,0
2022,United States,Other,0
2023,United States,Other,0
2024,United States,Other,0
2021,United States,Republican,232
2022,United States,Republican,232
2023,United States,Republican,232
2024,United States,Republican,232
